detector,best_contamination,precision,recall,f1
Univariate IF - nyc_taxi only,0.02,0.009708737864077669,0.4,0.018957345971563982
Multivariate IF - 3 NAB series,0.02,0.0013020833333333333,0.2,0.00258732212160414
