method,skewness,precision,recall,f1,false_alarms
Raw value + global 3σ,-0.45238952229717083,0.0,0.0,0.0,1
log1p(value) + global 3σ,-1.9267574452075258,0.04,0.2,0.06666666666666667,24
