Metric,Detector 1,Detector 2 (IF)
Precision,0.004739336492890996,0.009708737864077669
Recall,0.2,0.4
F1,0.009259259259259259,0.018957345971563982
False Alarms,210.0,204.0
