detector,contamination,precision,recall,f1,n_predicted_anomalies
Isolation Forest,0.01,0.009708737864077669,0.2,0.018518518518518517,103
Isolation Forest,0.02,0.009708737864077669,0.4,0.018957345971563982,206
Isolation Forest,0.05,0.005836575875486381,0.6,0.011560693641618497,514
