threshold,precision,recall,f1,false_alarms,n_predicted_anomalies
2.5,0.0017391304347826088,0.2,0.0034482758620689655,574,575
3.0,0.0026455026455026454,0.2,0.005221932114882507,377,378
3.5,0.004739336492890996,0.2,0.009259259259259259,210,211
