tp,fp,fn,tn,precision,recall,f1
112,1604,31,253,0.06526806526806526,0.7832167832167832,0.12049488972565896
